﻿{"result":[{"data":[{"Detail":"","Id":"Prophecies\/CrashInstanceDebug","InheritsFrom":"Prophecies\/Prophecy","Name":"Crash Test","NameKo":"충돌 테스트"},{"Detail":"","Id":"Prophecies\/DelayInstanceDebug","InheritsFrom":"Prophecies\/Prophecy","Name":"Delay Test","NameKo":"지연시간 테스트"},{"Detail":"","Id":"Prophecies\/DelayCrashInstanceDebug","InheritsFrom":"Prophecies\/Prophecy","Name":"Delay and Crash Test","NameKo":"충돌 및 지연시간 테스트"},{"Detail":"","Id":"Prophecies\/AtziriDropsVaults","InheritsFrom":"Prophecies\/Prophecy","Name":"The Queen's Vaults","NameKo":"여왕의 금고실"},{"Detail":"","Id":"Prophecies\/TormentedSpiritDropsUnique","InheritsFrom":"Prophecies\/Prophecy","Name":"The Singular Spirit","NameKo":"비범한 혼백"},{"Detail":"","Id":"Prophecies\/ExileDropsAllRare","InheritsFrom":"Prophecies\/Prophecy","Name":"The Wealthy Exile","NameKo":"부유한 유배자"},{"Detail":"","Id":"Prophecies\/ExileSummonsWarband","InheritsFrom":"Prophecies\/Prophecy","Name":"The Scout","NameKo":"정찰병"},{"Detail":"","Id":"Prophecies\/StrongboxSpawnsExile","InheritsFrom":"Prophecies\/Prophecy","Name":"Waiting in Ambush","NameKo":"매복하는 자"},{"Detail":"","Id":"Prophecies\/AlchemistDropsAlchemyOrb","InheritsFrom":"Prophecies\/Prophecy","Name":"The Alchemist","NameKo":"연금술사"},{"Detail":"","Id":"Prophecies\/RoyalActBossDropsRegalOrb","InheritsFrom":"Prophecies\/Prophecy","Name":"A Regal Death","NameKo":"제왕의 죽음"},{"Detail":"","Id":"Prophecies\/VaalSideBossDropsVaalOrb","InheritsFrom":"Prophecies\/Prophecy","Name":"The Corrupt","NameKo":"타락한 자"},{"Detail":"","Id":"Prophecies\/IzaroDropsAdditionalTreasureKey","InheritsFrom":"Prophecies\/Prophecy","Name":"The Emperor's Trove","NameKo":"황제의 발견물"},{"Detail":"","Id":"Prophecies\/InnerTreasureMonsterDropsAdditionalUnique","InheritsFrom":"Prophecies\/Prophecy","Name":"Nemesis of Greed","NameKo":"탐욕의 천벌"},{"Detail":"","Id":"Prophecies\/UniqueMonsterDropsUnique","InheritsFrom":"Prophecies\/Prophecy","Name":"SHOULD NOT APPEAR","NameKo":"보이지 말아야 함"},{"Detail":"","Id":"Prophecies\/HillockDropsTheAnvil","InheritsFrom":"Prophecies\/Prophecy","Name":"The Blacksmith","NameKo":"대장장이"},{"Detail":"","Id":"Prophecies\/PossessedMonsterSpawnsTormentedSpirit","InheritsFrom":"Prophecies\/Prophecy","Name":"Forceful Exorcism","NameKo":"완력을 통한 퇴마"},{"Detail":"","Id":"Prophecies\/MapBossDropsRareMap","InheritsFrom":"Prophecies\/Prophecy","Name":"The Dreamer's Dream","NameKo":"몽상가의 꿈"},{"Detail":"","Id":"Prophecies\/MapShavronneBrutus","InheritsFrom":"Prophecies\/Prophecy","Name":"The Aesthete's Spirit","NameKo":"탐미주의자의 혼백"},{"Detail":"","Id":"Prophecies\/MapKoleBrutus","InheritsFrom":"Prophecies\/Prophecy","Name":"Brothers in Arms","NameKo":"전우들"},{"Detail":"","Id":"Prophecies\/MapDoedreStoneCircle","InheritsFrom":"Prophecies\/Prophecy","Name":"Echoes of Witchcraft","NameKo":"마법의 메아리"},{"Detail":"","Id":"Prophecies\/MapKadakaKuduku","InheritsFrom":"Prophecies\/Prophecy","Name":"The God of Misfortune","NameKo":"불행의 신"},{"Detail":"","Id":"Prophecies\/MapMaligaroFidelitas","InheritsFrom":"Prophecies\/Prophecy","Name":"Echoes of Mutation","NameKo":"변이의 메아리"},{"Detail":"","Id":"Prophecies\/MapDaressoMerveil","InheritsFrom":"Prophecies\/Prophecy","Name":"Echoes of Lost Love","NameKo":"죽은 연인의 메아리"},{"Detail":"","Id":"Prophecies\/MapExtraHaku","InheritsFrom":"Prophecies\/Prophecy","Name":"A Master Seeks Help","NameKo":"대가가 도움을 청하다"},{"Detail":"","Id":"Prophecies\/MapExtraTora","InheritsFrom":"Prophecies\/Prophecy","Name":"A Master Seeks Help","NameKo":"대가가 도움을 청하다"},{"Detail":"","Id":"Prophecies\/MapExtraCatarina","InheritsFrom":"Prophecies\/Prophecy","Name":"A Master Seeks Help","NameKo":"대가가 도움을 청하다"},{"Detail":"","Id":"Prophecies\/MapExtraVagan","InheritsFrom":"Prophecies\/Prophecy","Name":"A Master Seeks Help","NameKo":"대가가 도움을 청하다"},{"Detail":"","Id":"Prophecies\/MapExtraElreon","InheritsFrom":"Prophecies\/Prophecy","Name":"A Master Seeks Help","NameKo":"대가가 도움을 청하다"},{"Detail":"","Id":"Prophecies\/MapExtraVorici","InheritsFrom":"Prophecies\/Prophecy","Name":"A Master Seeks Help","NameKo":"대가가 도움을 청하다"},{"Detail":"","Id":"Prophecies\/MapExtraZana","InheritsFrom":"Prophecies\/Prophecy","Name":"A Master Seeks Help","NameKo":"대가가 도움을 청하다"},{"Detail":"","Id":"Prophecies\/MapExtraEinhar","InheritsFrom":"Prophecies\/Prophecy","Name":"A Master Seeks Help","NameKo":"대가가 도움을 청하다"},{"Detail":"","Id":"Prophecies\/MapExtraAlva","InheritsFrom":"Prophecies\/Prophecy","Name":"A Master Seeks Help","NameKo":"대가가 도움을 청하다"},{"Detail":"","Id":"Prophecies\/MapExtraNiko","InheritsFrom":"Prophecies\/Prophecy","Name":"A Master Seeks Help","NameKo":"대가가 도움을 청하다"},{"Detail":"","Id":"Prophecies\/MapExtraJun","InheritsFrom":"Prophecies\/Prophecy","Name":"A Master Seeks Help","NameKo":"대가가 도움을 청하다"},{"Detail":"","Id":"Prophecies\/MapCorruptedSideArea","InheritsFrom":"Prophecies\/Prophecy","Name":"Hidden Vaal Pathways","NameKo":"숨겨진 바알의 길"},{"Detail":"","Id":"Prophecies\/MapSpawnRareZombies","InheritsFrom":"Prophecies\/Prophecy","Name":"The Undead Brutes","NameKo":"냉혹한 언데드 무리"},{"Detail":"","Id":"Prophecies\/MapSpawnRogueExiles","InheritsFrom":"Prophecies\/Prophecy","Name":"The Four Feral Exiles","NameKo":"야생 유배자 4인방"},{"Detail":"","Id":"Prophecies\/RareMonsterKillSpawnsUniqueBloodElementalWithSlainMonstersMods","InheritsFrom":"Prophecies\/Prophecy","Name":"Risen Blood","NameKo":"깨어난 피"},{"Detail":"","Id":"Prophecies\/SellingFiveUniquesToVendorReturnsRandomUnique","InheritsFrom":"Prophecies\/Prophecy","Name":"The Mysterious Gift","NameKo":"정체불명의 염가 상품"},{"Detail":"","Id":"Prophecies\/ChaosOrbRecipeCreatesAdditionalChaosOrb","InheritsFrom":"Prophecies\/Prophecy","Name":"A Valuable Combination","NameKo":"귀중한 조합"},{"Detail":"","Id":"Prophecies\/RollingSixSocketBodyArmourLinksAllSockets","InheritsFrom":"Prophecies\/Prophecy","Name":"Fated Connections","NameKo":"예견된 연결"},{"Detail":"","Id":"Prophecies\/ItemAbleToBecomesUniqueWhenChanceOrbApplied","InheritsFrom":"Prophecies\/Prophecy","Name":"Trash to Treasure","NameKo":"오물에서 보물로"},{"Detail":"","Id":"Prophecies\/ArmourAbleToBecomesFiveLinkedWhenJewellersOrbApplied","InheritsFrom":"Prophecies\/Prophecy","Name":"The Jeweller's Touch","NameKo":"보석 상인의 손길"},{"Detail":"","Id":"Prophecies\/MasterMissionExtraRewards","InheritsFrom":"Prophecies\/Prophecy","Name":"A Gracious Master","NameKo":"관대한 대가"},{"Detail":"","Id":"Prophecies\/SkillGemDropsWith20QualityAllocatedToYou","InheritsFrom":"Prophecies\/Prophecy","Name":"Erasmus' Gift","NameKo":"에라스무스의 선물"},{"Detail":"","Id":"Prophecies\/KillingKaomWithKaomsSignAddsSpecificMod","InheritsFrom":"Prophecies\/Prophecy","Name":"The King's Path","NameKo":"왕의 길"},{"Detail":"","Id":"Prophecies\/KillingGemlingLegionareWithKaruiWardAddsSpecificMod","InheritsFrom":"Prophecies\/Prophecy","Name":"The Karui Rebellion","NameKo":"카루이의 봉기"},{"Detail":"","Id":"Prophecies\/KillingDaressoWithBramblejackAddsSpecificMod","InheritsFrom":"Prophecies\/Prophecy","Name":"The King and the Brambles","NameKo":"왕과 가시나무"},{"Detail":"","Id":"Prophecies\/KillingShavronneWithShavronnesPaceAddsSpecificMod","InheritsFrom":"Prophecies\/Prophecy","Name":"The Flow of Energy","NameKo":"에너지의 흐름"},{"Detail":"","Id":"Prophecies\/KillingNightwaneWithDeathsHarpAddsSpecificMod","InheritsFrom":"Prophecies\/Prophecy","Name":"The Bowstring's Music","NameKo":"활시위의 가락"},{"Detail":"","Id":"Prophecies\/KillingBeyondUniqueWithBlackheartAddsSpecificMod","InheritsFrom":"Prophecies\/Prophecy","Name":"From The Void","NameKo":"공허로부터"},{"Detail":"","Id":"Prophecies\/KillingGneissWithCragheadAddsSpecificMod","InheritsFrom":"Prophecies\/Prophecy","Name":"Heavy Blows","NameKo":"무거운 타격"},{"Detail":"","Id":"Prophecies\/KillingHatebeatWithBlackgleamAddsSpecificMod","InheritsFrom":"Prophecies\/Prophecy","Name":"Fire and Brimstone","NameKo":"화염과 유황"},{"Detail":"","Id":"Prophecies\/KillingTorchoakGroveWithArakuTikiAddsSpecificMod","InheritsFrom":"Prophecies\/Prophecy","Name":"A Forest of False Idols","NameKo":"거짓 우상의 숲"},{"Detail":"","Id":"Prophecies\/KillingHailrakeWithHrimsorrowAddsSpecificMod","InheritsFrom":"Prophecies\/Prophecy","Name":"Fire and Ice","NameKo":"화염과 얼음"},{"Detail":"","Id":"Prophecies\/KillingShavronneWithCrownOfThornsAddsSpecificMod","InheritsFrom":"Prophecies\/Prophecy","Name":"Pleasure and Pain","NameKo":"쾌락과 고통"},{"Detail":"","Id":"Prophecies\/KillingGemlingLegionnaireWithEzomytePeakAddsSpecificMod","InheritsFrom":"Prophecies\/Prophecy","Name":"The Bloody Flowers Redux","NameKo":"돌아온 핏빛 꽃송이"},{"Detail":"","Id":"Prophecies\/KillingGraviciusWithDeidbellAddsSpecificMod","InheritsFrom":"Prophecies\/Prophecy","Name":"Dying Cry","NameKo":"죽어가는 함성"},{"Detail":"","Id":"Prophecies\/KillingDoedreWithChaliceOfHorrorsAddsSpecificMod","InheritsFrom":"Prophecies\/Prophecy","Name":"Mouth of Horrors","NameKo":"공포의 입"},{"Detail":"","Id":"Prophecies\/KillingCalafHeadstaverWithSpringleafAddsSpecificMod","InheritsFrom":"Prophecies\/Prophecy","Name":"Nature's Resilience","NameKo":"자연의 회복력"},{"Detail":"","Id":"Prophecies\/KillingChattersWithKaltenhaltAddsSpecificMod","InheritsFrom":"Prophecies\/Prophecy","Name":"The Snuffed Flame","NameKo":"꺼진 불꽃"},{"Detail":"","Id":"Prophecies\/KillingHundredFootShadowWithScreamingEagleAddsSpecificMod","InheritsFrom":"Prophecies\/Prophecy","Name":"The Apex Predator","NameKo":"최상위 포식자"},{"Detail":"","Id":"Prophecies\/KillingHammerstormWithLimbsplitAddsSpecificMod","InheritsFrom":"Prophecies\/Prophecy","Name":"Severed Limbs","NameKo":"잘린 팔다리"},{"Detail":"","Id":"Prophecies\/KillingVaalOversoulWithDoomfletchAddsSpecificMod","InheritsFrom":"Prophecies\/Prophecy","Name":"Ancient Doom","NameKo":"고대의 파멸"},{"Detail":"","Id":"Prophecies\/KillingKalFoxflyWithSilverbranchAddsSpecificMod","InheritsFrom":"Prophecies\/Prophecy","Name":"The Silverwood","NameKo":"은빛 나무"},{"Detail":"","Id":"Prophecies\/KillingFidelitasWithStormCloudAddsSpecificMod","InheritsFrom":"Prophecies\/Prophecy","Name":"The Servant's Heart","NameKo":"노예의 심장"},{"Detail":"","Id":"Prophecies\/KillingSoulmournWithHrimnorsHymnAddsSpecificMod","InheritsFrom":"Prophecies\/Prophecy","Name":"Winter's Mournful Melodies","NameKo":"겨울의 구슬픈 선율"},{"Detail":"","Id":"Prophecies\/KillingPietyWithReverberationRodAddsSpecificMod","InheritsFrom":"Prophecies\/Prophecy","Name":"Power Magnified","NameKo":"증폭된 힘"},{"Detail":"","Id":"Prophecies\/KillingGeofriWithRealmshaperAddsSpecificMod","InheritsFrom":"Prophecies\/Prophecy","Name":"The Beginning and the End","NameKo":"시작과 끝"},{"Detail":"","Id":"Prophecies\/KillingBoneQueenWithQueensDecreeAddsSpecificMod","InheritsFrom":"Prophecies\/Prophecy","Name":"The Misunderstood Queen","NameKo":"오판한 여왕"},{"Detail":"","Id":"Prophecies\/UniqueMonsterKillTurnsAllNormalMonstersIntoMagic","InheritsFrom":"Prophecies\/Prophecy","Name":"SHOULD NOT APPEAR","NameKo":"보이지 말아야 함"},{"Detail":"","Id":"Prophecies\/TheBlackStone1","InheritsFrom":"Prophecies\/Prophecy","Name":"The Black Stone I","NameKo":"검은 돌 I"},{"Detail":"","Id":"Prophecies\/TheBlackStone2","InheritsFrom":"Prophecies\/Prophecy","Name":"The Black Stone II","NameKo":"검은 돌 II"},{"Detail":"","Id":"Prophecies\/TheBlackStone3","InheritsFrom":"Prophecies\/Prophecy","Name":"The Black Stone III","NameKo":"검은 돌 III"},{"Detail":"","Id":"Prophecies\/TheBlackStone4","InheritsFrom":"Prophecies\/Prophecy","Name":"The Black Stone IV","NameKo":"검은 돌 IV"},{"Detail":"","Id":"Prophecies\/RareRuinedTitanDropsClayShaper","InheritsFrom":"Prophecies\/Prophecy","Name":"The Walking Mountain","NameKo":"걸어 다니는 산"},{"Detail":"","Id":"Prophecies\/RareAxiomThunderGuardDropsStormPrison","InheritsFrom":"Prophecies\/Prophecy","Name":"The Prison Guard","NameKo":"수용소의 간수"},{"Detail":"","Id":"Prophecies\/RareMadGladiatorDropsDaressosPassion","InheritsFrom":"Prophecies\/Prophecy","Name":"The Sword King's Passion","NameKo":"검의 제왕의 열망"},{"Detail":"","Id":"Prophecies\/RareMurkRunnerDropsTheScreamingEagle","InheritsFrom":"Prophecies\/Prophecy","Name":"The Eagle's Cry","NameKo":"독수리의 함성"},{"Detail":"","Id":"Prophecies\/RareDrippingDeadDropsLifesprig","InheritsFrom":"Prophecies\/Prophecy","Name":"From Death Springs Life","NameKo":"죽음 속에서 삶이 피어난다"},{"Detail":"","Id":"Prophecies\/RareBrittlePoacherDropsStormCloud","InheritsFrom":"Prophecies\/Prophecy","Name":"Storm on the Horizon","NameKo":"지평선의 태풍"},{"Detail":"","Id":"Prophecies\/RareSeethingBrineDropsWanderlust","InheritsFrom":"Prophecies\/Prophecy","Name":"A Firm Foothold","NameKo":"단단한 기반"},{"Detail":"","Id":"Prophecies\/RareBeardedShamanDropsKaruiWard","InheritsFrom":"Prophecies\/Prophecy","Name":"The Ward's Ward","NameKo":"감옥의 수호"},{"Detail":"","Id":"Prophecies\/RareDevourerDropsWideswing","InheritsFrom":"Prophecies\/Prophecy","Name":"Fear's Wide Reach","NameKo":"광활하게 퍼지는 공포"},{"Detail":"","Id":"Prophecies\/RareBeardedDevilDropsAxiomPerpetuum","InheritsFrom":"Prophecies\/Prophecy","Name":"The Prison Key","NameKo":"수용소 열쇠"},{"Detail":"","Id":"Prophecies\/RareOaksDevotedDropsRothsReach","InheritsFrom":"Prophecies\/Prophecy","Name":"Roth's Legacy","NameKo":"로스의 유산"},{"Detail":"","Id":"Prophecies\/RareAncientConstructDropsAtzirisFoible","InheritsFrom":"Prophecies\/Prophecy","Name":"The Soulless Beast","NameKo":"영혼 없는 짐승"},{"Detail":"","Id":"Prophecies\/RareSinLordDropsStoneOfLazhwar","InheritsFrom":"Prophecies\/Prophecy","Name":"The Sinner's Stone","NameKo":"죄인의 돌"},{"Detail":"","Id":"Prophecies\/RareDeathBishopDropsGeofrisBaptism","InheritsFrom":"Prophecies\/Prophecy","Name":"Baptism by Death","NameKo":"죽음에 이르는 세례"},{"Detail":"","Id":"Prophecies\/RareBlackguardArcmageDropsReverberationRod","InheritsFrom":"Prophecies\/Prophecy","Name":"The Lady in Black","NameKo":"검은 옷을 입은 여인"},{"Detail":"","Id":"Prophecies\/RareDockhandWraithDropsRothsReach","InheritsFrom":"Prophecies\/Prophecy","Name":"Against the Tide","NameKo":"파도를 뚫고"},{"Detail":"","Id":"Prophecies\/RareBlackguardEliteDropsFacebreaker","InheritsFrom":"Prophecies\/Prophecy","Name":"The Brutal Enforcer","NameKo":"잔인한 집행자"},{"Detail":"","Id":"Prophecies\/RareFlameSentinelDropsGoldrim","InheritsFrom":"Prophecies\/Prophecy","Name":"Graceful Flames","NameKo":"은총의 화염"},{"Detail":"","Id":"Prophecies\/RareDrownedDropsMoonbendersWing","InheritsFrom":"Prophecies\/Prophecy","Name":"Storm on the Reef","NameKo":"암초의 태풍"},{"Detail":"","Id":"Prophecies\/RarePockedLanternbearerDropsTwyzel","InheritsFrom":"Prophecies\/Prophecy","Name":"The Petrified","NameKo":"석화된 존재"},{"Detail":"","Id":"Prophecies\/RareVollsVanguardDropsDeathsHarp","InheritsFrom":"Prophecies\/Prophecy","Name":"The Vanguard","NameKo":"선봉대"},{"Detail":"","Id":"Prophecies\/RareUndyingEvangelistDropsTabulaRasa","InheritsFrom":"Prophecies\/Prophecy","Name":"Cleanser of Sins","NameKo":"죄악의 청소자"},{"Detail":"","Id":"Prophecies\/RareFightingBullDropsMeginordsGirdle","InheritsFrom":"Prophecies\/Prophecy","Name":"Strong as a Bull","NameKo":"소처럼 강인하게"},{"Detail":"","Id":"Prophecies\/RareSkulkingDwellerDropsWindsOfChange","InheritsFrom":"Prophecies\/Prophecy","Name":"The Lost Undying","NameKo":"파멸한 산 송장"},{"Detail":"","Id":"Prophecies\/RareFrostPriestDropsTheWhisperingIce","InheritsFrom":"Prophecies\/Prophecy","Name":"A Whispered Prayer","NameKo":"속삭이는 기도"},{"Detail":"","Id":"Prophecies\/RareAncientArcherDropsDrillneck","InheritsFrom":"Prophecies\/Prophecy","Name":"The Last Watch","NameKo":"마지막 보초"},{"Detail":"","Id":"Prophecies\/RareSuturedAberrationDropsMaligarosVirtuosity","InheritsFrom":"Prophecies\/Prophecy","Name":"A Prodigious Hand","NameKo":"놀라운 손"},{"Detail":"","Id":"Prophecies\/RareWanderingEyeDropsEyeOfChayula","InheritsFrom":"Prophecies\/Prophecy","Name":"The Watcher's Watcher","NameKo":"감시자의 감시자"},{"Detail":"","Id":"Prophecies\/RareKaomsChosenDropsHezemanasBloodlust","InheritsFrom":"Prophecies\/Prophecy","Name":"Blood of the Betrayed","NameKo":"배신당한 자의 피"},{"Detail":"","Id":"Prophecies\/RareUndyingIncineratorDropsSireOfShards","InheritsFrom":"Prophecies\/Prophecy","Name":"Heart of the Fire","NameKo":"화염의 심장"},{"Detail":"","Id":"Prophecies\/RarePockedMinerDropsInfractem","InheritsFrom":"Prophecies\/Prophecy","Name":"Notched Flesh","NameKo":"상처 난 살점"},{"Detail":"","Id":"Prophecies\/RareAssaultRibbonDropsTearOfPurity","InheritsFrom":"Prophecies\/Prophecy","Name":"Custodians of Silence","NameKo":"침묵의 관리인"},{"Detail":"","Id":"Prophecies\/RareBonewarpedWarriorDropsBellyOfTheBeast","InheritsFrom":"Prophecies\/Prophecy","Name":"Flesh of the Beast","NameKo":"짐승의 살점"},{"Detail":"","Id":"Prophecies\/RareCinderElementalDropsMarohiErqi","InheritsFrom":"Prophecies\/Prophecy","Name":"\"Fire, Wood and Stone\"","NameKo":"불과 나무와 돌"},{"Detail":"","Id":"Prophecies\/RareChaosSentinelDropsSingularity","InheritsFrom":"Prophecies\/Prophecy","Name":"Abnormal Effulgence","NameKo":"기이한 광채"},{"Detail":"","Id":"Prophecies\/RareGalvanicRibbonDropsWindripper","InheritsFrom":"Prophecies\/Prophecy","Name":"Wind and Thunder","NameKo":"바람과 천둥"},{"Detail":"","Id":"Prophecies\/RareUndyingArchivistDropsAstramentis","InheritsFrom":"Prophecies\/Prophecy","Name":"Lost in the Pages","NameKo":"책 속에서 길을 잃다"},{"Detail":"","Id":"Prophecies\/RareDrippingDeadDropsRainbowstrides","InheritsFrom":"Prophecies\/Prophecy","Name":"Weeping Death","NameKo":"흐느끼는 죽음"},{"Detail":"","Id":"Prophecies\/RareGutFlayerDropsBinosKitchenKnifeMap","InheritsFrom":"Prophecies\/Prophecy","Name":"The Flayed Man","NameKo":"피부가 벗겨진 자"},{"Detail":"","Id":"Prophecies\/RareTunnelerDropsPledgeOfHandsMap","InheritsFrom":"Prophecies\/Prophecy","Name":"The Hollow Pledge","NameKo":"실속 없는 약속"},{"Detail":"","Id":"Prophecies\/RareTalonArcherDropsVoltaxicRiftMap","InheritsFrom":"Prophecies\/Prophecy","Name":"A Call into the Void","NameKo":"공허로의 부름"},{"Detail":"","Id":"Prophecies\/RareMadGladiatorDropsTheBringerOfRainMap","InheritsFrom":"Prophecies\/Prophecy","Name":"Blood in the Eyes","NameKo":"피맺힌 눈"},{"Detail":"","Id":"Prophecies\/RareBroodingTarantulaDropsRatsNestMap","InheritsFrom":"Prophecies\/Prophecy","Name":"The Nest","NameKo":"둥지"},{"Detail":"","Id":"Prophecies\/SpawnNecromancerAndSkeletonsInArea","InheritsFrom":"Prophecies\/Prophecy","Name":"The Brothers of Necromancy","NameKo":"강령술의 형제"},{"Detail":"","Id":"Prophecies\/BloodlinePackDropsFiveOrbsOfFusing","InheritsFrom":"Prophecies\/Prophecy","Name":"Reforged Bonds","NameKo":"다시 이어진 유대"},{"Detail":"","Id":"Prophecies\/MonsterKillChanceToSpawnCurrencyFountain","InheritsFrom":"Prophecies\/Prophecy","Name":"Overflowing Riches","NameKo":"넘치는 재물"},{"Detail":"","Id":"Prophecies\/ThePlaguemaw1","InheritsFrom":"Prophecies\/Prophecy","Name":"The Plaguemaw I","NameKo":"역병 나락 I"},{"Detail":"","Id":"Prophecies\/ThePlaguemaw2","InheritsFrom":"Prophecies\/Prophecy","Name":"The Plaguemaw II","NameKo":"역병 나락 II"},{"Detail":"","Id":"Prophecies\/ThePlaguemaw3","InheritsFrom":"Prophecies\/Prophecy","Name":"The Plaguemaw III","NameKo":"역병 나락 III"},{"Detail":"","Id":"Prophecies\/ThePlaguemaw4","InheritsFrom":"Prophecies\/Prophecy","Name":"The Plaguemaw IV","NameKo":"역병 나락 IV"},{"Detail":"","Id":"Prophecies\/ThePlaguemaw5","InheritsFrom":"Prophecies\/Prophecy","Name":"The Plaguemaw V","NameKo":"역병 나락 V"},{"Detail":"","Id":"Prophecies\/PathOfTheThaumaturgist1","InheritsFrom":"Prophecies\/Prophecy","Name":"Thaumaturgical History I","NameKo":"마석학의 역사 I"},{"Detail":"","Id":"Prophecies\/PathOfTheThaumaturgist2","InheritsFrom":"Prophecies\/Prophecy","Name":"Thaumaturgical History II","NameKo":"마석학의 역사 II"},{"Detail":"","Id":"Prophecies\/PathOfTheThaumaturgist3","InheritsFrom":"Prophecies\/Prophecy","Name":"Thaumaturgical History III","NameKo":"마석학의 역사 III"},{"Detail":"","Id":"Prophecies\/PathOfTheThaumaturgist4","InheritsFrom":"Prophecies\/Prophecy","Name":"Thaumaturgical History IV","NameKo":"마석학의 역사 IV"},{"Detail":"","Id":"Prophecies\/MapFairGravesBossOpensPortalToMaoKun","InheritsFrom":"Prophecies\/Prophecy","Name":"The Pirate's Den","NameKo":"해적의 굴"},{"Detail":"","Id":"Prophecies\/MapChaosGolemBossOpensPortalToMaelstromOfChaos","InheritsFrom":"Prophecies\/Prophecy","Name":"Enter the Maelström","NameKo":"마엘스트롬 입장"},{"Detail":"","Id":"Prophecies\/MapKudukuBossOpensPortalToOlmecsSanctum","InheritsFrom":"Prophecies\/Prophecy","Name":"Sanctum of Stone","NameKo":"돌의 지성소"},{"Detail":"","Id":"Prophecies\/MapMirageOfBonesOpensPortalToMirrorDesert","InheritsFrom":"Prophecies\/Prophecy","Name":"Through the Mirage","NameKo":"신기루를 지나서"},{"Detail":"","Id":"Prophecies\/AncientRivalries1","InheritsFrom":"Prophecies\/Prophecy","Name":"Ancient Rivalries I","NameKo":"고대의 대립 I"},{"Detail":"","Id":"Prophecies\/AncientRivalries2","InheritsFrom":"Prophecies\/Prophecy","Name":"Ancient Rivalries II","NameKo":"고대의 대립 II"},{"Detail":"","Id":"Prophecies\/AncientRivalries3","InheritsFrom":"Prophecies\/Prophecy","Name":"Ancient Rivalries III","NameKo":"고대의 대립 III"},{"Detail":"","Id":"Prophecies\/AncientRivalries4","InheritsFrom":"Prophecies\/Prophecy","Name":"Ancient Rivalries IV","NameKo":"고대의 대립 IV"},{"Detail":"","Id":"Prophecies\/TheFeralLord1","InheritsFrom":"Prophecies\/Prophecy","Name":"The Feral Lord I","NameKo":"야생의 군주 I"},{"Detail":"","Id":"Prophecies\/TheFeralLord2","InheritsFrom":"Prophecies\/Prophecy","Name":"The Feral Lord II","NameKo":"야생의 군주 II"},{"Detail":"","Id":"Prophecies\/TheFeralLord3","InheritsFrom":"Prophecies\/Prophecy","Name":"The Feral Lord III","NameKo":"야생의 군주 III"},{"Detail":"","Id":"Prophecies\/TheFeralLord4","InheritsFrom":"Prophecies\/Prophecy","Name":"The Feral Lord IV","NameKo":"야생의 군주 IV"},{"Detail":"","Id":"Prophecies\/TheFeralLord5","InheritsFrom":"Prophecies\/Prophecy","Name":"The Feral Lord V","NameKo":"야생의 군주 V"},{"Detail":"","Id":"Prophecies\/RatFlood","InheritsFrom":"Prophecies\/Prophecy","Name":"Plague of Rats","NameKo":"성가신 쥐 떼"},{"Detail":"","Id":"Prophecies\/AnarchysEnd1","InheritsFrom":"Prophecies\/Prophecy","Name":"Anarchy's End I","NameKo":"혼란의 끝 I"},{"Detail":"","Id":"Prophecies\/AnarchysEnd2","InheritsFrom":"Prophecies\/Prophecy","Name":"Anarchy's End II","NameKo":"혼란의 끝 II"},{"Detail":"","Id":"Prophecies\/AnarchysEnd3","InheritsFrom":"Prophecies\/Prophecy","Name":"Anarchy's End III","NameKo":"혼란의 끝 III"},{"Detail":"","Id":"Prophecies\/AnarchysEnd4","InheritsFrom":"Prophecies\/Prophecy","Name":"Anarchy's End IV","NameKo":"혼란의 끝 IV"},{"Detail":"","Id":"Prophecies\/CompletingLabyrinthRewardsTwoEnchantmentUses","InheritsFrom":"Prophecies\/Prophecy","Name":"Twice Enchanted","NameKo":"두 배 인챈트"},{"Detail":"","Id":"Prophecies\/StrongboxMonstersSpawnedAsMagicOrHigher","InheritsFrom":"Prophecies\/Prophecy","Name":"An Unseen Peril","NameKo":"보이지 않는 위험"},{"Detail":"","Id":"Prophecies\/MysteriousInvadersFire","InheritsFrom":"Prophecies\/Prophecy","Name":"Mysterious Invaders","NameKo":"수수께끼의 침략자"},{"Detail":"","Id":"Prophecies\/MysteriousInvadersCold","InheritsFrom":"Prophecies\/Prophecy","Name":"Mysterious Invaders","NameKo":"수수께끼의 침략자"},{"Detail":"","Id":"Prophecies\/MysteriousInvadersLightning","InheritsFrom":"Prophecies\/Prophecy","Name":"Mysterious Invaders","NameKo":"수수께끼의 침략자"},{"Detail":"","Id":"Prophecies\/MysteriousInvadersPhysical","InheritsFrom":"Prophecies\/Prophecy","Name":"Mysterious Invaders","NameKo":"수수께끼의 침략자"},{"Detail":"","Id":"Prophecies\/MysteriousInvadersChaos","InheritsFrom":"Prophecies\/Prophecy","Name":"Mysterious Invaders","NameKo":"수수께끼의 침략자"},{"Detail":"","Id":"Prophecies\/UndeadSpawnInOldFields","InheritsFrom":"Prophecies\/Prophecy","Name":"Undead Uprising","NameKo":"언데드의 반란"},{"Detail":"","Id":"Prophecies\/DayOfSacrifice1","InheritsFrom":"Prophecies\/Prophecy","Name":"Day of Sacrifice I","NameKo":"희생의 날 I"},{"Detail":"","Id":"Prophecies\/DayOfSacrifice2","InheritsFrom":"Prophecies\/Prophecy","Name":"Day of Sacrifice II","NameKo":"희생의 날 II"},{"Detail":"","Id":"Prophecies\/DayOfSacrifice3","InheritsFrom":"Prophecies\/Prophecy","Name":"Day of Sacrifice III","NameKo":"희생의 날 III"},{"Detail":"","Id":"Prophecies\/DayOfSacrifice4","InheritsFrom":"Prophecies\/Prophecy","Name":"Day of Sacrifice IV","NameKo":"희생의 날 IV"},{"Detail":"","Id":"Prophecies\/KillingRareGrantsShrineEffect","InheritsFrom":"Prophecies\/Prophecy","Name":"The Blessing","NameKo":"축복"},{"Detail":"","Id":"Prophecies\/KillingRareStealsMods","InheritsFrom":"Prophecies\/Prophecy","Name":"Hunter's Lesson","NameKo":"사냥꾼의 교훈"},{"Detail":"","Id":"Prophecies\/KillingRareDropsRareItem","InheritsFrom":"Prophecies\/Prophecy","Name":"Gilded Within","NameKo":"체내 도금"},{"Detail":"","Id":"Prophecies\/KillingUniqueDropsScouringOrb","InheritsFrom":"Prophecies\/Prophecy","Name":"Erased from Memory","NameKo":"기록 말살"},{"Detail":"","Id":"Prophecies\/KillingRareSpawnsTormentedSpirit","InheritsFrom":"Prophecies\/Prophecy","Name":"Ending the Torment","NameKo":"고통을 끝내다"},{"Detail":"","Id":"Prophecies\/KillingMonsterSpawnsEmergingMagicMonsters","InheritsFrom":"Prophecies\/Prophecy","Name":"Hidden Reinforcements","NameKo":"숨어있던 지원군"},{"Detail":"","Id":"Prophecies\/KillingNormalRevivesAsRare","InheritsFrom":"Prophecies\/Prophecy","Name":"Rebirth","NameKo":"부활"},{"Detail":"","Id":"Prophecies\/UseWhetstoneGetMaxQuality","InheritsFrom":"Prophecies\/Prophecy","Name":"The Sharpened Blade","NameKo":"벼린 칼날"},{"Detail":"","Id":"Prophecies\/UseArmourersScrapGetMaxQuality","InheritsFrom":"Prophecies\/Prophecy","Name":"The Hardened Armour","NameKo":"단단해진 방어구"},{"Detail":"","Id":"Prophecies\/TransmuteUpgradesItemToThreeModRare","InheritsFrom":"Prophecies\/Prophecy","Name":"Golden Touch","NameKo":"황금 손"},{"Detail":"","Id":"Prophecies\/TransmuteRingOrJewelAddLife","InheritsFrom":"Prophecies\/Prophecy","Name":"Vital Transformation","NameKo":"생명의 변형"},{"Detail":"","Id":"Prophecies\/TransmuteEquipmentAddResistance","InheritsFrom":"Prophecies\/Prophecy","Name":"Resistant to Change","NameKo":"변화에 대한 저항"},{"Detail":"","Id":"Prophecies\/TransmuteBootsAddMovementSpeed","InheritsFrom":"Prophecies\/Prophecy","Name":"Touched by the Wind","NameKo":"바람의 손길에 닿아"},{"Detail":"","Id":"Prophecies\/DivinationCardSpawnsWithJackInTheBoxAlso","InheritsFrom":"Prophecies\/Prophecy","Name":"The Pair","NameKo":"한 쌍"},{"Detail":"","Id":"Prophecies\/UseChiselGetMaxQuality","InheritsFrom":"Prophecies\/Prophecy","Name":"The Beautiful Guide","NameKo":"아름다운 안내인"},{"Detail":"","Id":"Prophecies\/ReceiveARareItemGetFourMirroredInstead","InheritsFrom":"Prophecies\/Prophecy","Name":"Kalandra's Craft","NameKo":"칼란드라의 솜씨"},{"Detail":"","Id":"Prophecies\/TransmuteMapAddMod","InheritsFrom":"Prophecies\/Prophecy","Name":"Smothering Tendrils","NameKo":"질식 덩굴손"},{"Detail":"","Id":"Prophecies\/MapExtraStrongboxes","InheritsFrom":"Prophecies\/Prophecy","Name":"Bountiful Traps","NameKo":"후한 보답의 함정"},{"Detail":"","Id":"Prophecies\/MapExtraRogueExiles","InheritsFrom":"Prophecies\/Prophecy","Name":"The Four Feral Exiles","NameKo":"야생 유배자 4인방"},{"Detail":"","Id":"Prophecies\/MapTwinned","InheritsFrom":"Prophecies\/Prophecy","Name":"Deadly Twins","NameKo":"위험한 쌍둥이"},{"Detail":"","Id":"Prophecies\/ReadLoreGrantsWisdomScrolls","InheritsFrom":"Prophecies\/Prophecy","Name":"Lasting Impressions","NameKo":"오랜 생각"},{"Detail":"","Id":"Prophecies\/MapTempestFire","InheritsFrom":"Prophecies\/Prophecy","Name":"Fire from the Sky","NameKo":"하늘에서 떨어지는 화염"},{"Detail":"","Id":"Prophecies\/MapTempestIce","InheritsFrom":"Prophecies\/Prophecy","Name":"Ice from Above","NameKo":"하늘에서 떨어지는 얼음"},{"Detail":"","Id":"Prophecies\/MapTempestLightning","InheritsFrom":"Prophecies\/Prophecy","Name":"Lightning Falls","NameKo":"번개 폭포"},{"Detail":"","Id":"Prophecies\/MapTempestUndead","InheritsFrom":"Prophecies\/Prophecy","Name":"The Undead Storm","NameKo":"언데드 태풍"},{"Detail":"","Id":"Prophecies\/MapTempestPhysical","InheritsFrom":"Prophecies\/Prophecy","Name":"Crushing Squall","NameKo":"타쇄하는 돌풍"},{"Detail":"","Id":"Prophecies\/MapTempestCorrupt","InheritsFrom":"Prophecies\/Prophecy","Name":"Vaal Winds","NameKo":"바알의 바람"},{"Detail":"","Id":"Prophecies\/UniqueFireGolemAtFireFurysCamp","InheritsFrom":"Prophecies\/Prophecy","Name":"Living Fires","NameKo":"살아있는 화염"},{"Detail":"","Id":"Prophecies\/FarmerSkeletonsAtRuinedHouse","InheritsFrom":"Prophecies\/Prophecy","Name":"Fallow At Last","NameKo":"마침내 맞이한 휴경"},{"Detail":"","Id":"Prophecies\/KaruiWarriorsNearWeatheredCarvings","InheritsFrom":"Prophecies\/Prophecy","Name":"Path of Betrayal","NameKo":"배신의 길"},{"Detail":"","Id":"Prophecies\/WeaponsRiseUpAroundLioneyesStandard","InheritsFrom":"Prophecies\/Prophecy","Name":"The Forgotten Soldiers","NameKo":"잊혀진 병사들"},{"Detail":"","Id":"Prophecies\/GoldenWaterElementalsRiseFromGoldPiles","InheritsFrom":"Prophecies\/Prophecy","Name":"Pools of Wealth","NameKo":"부의 웅덩이"},{"Detail":"","Id":"Prophecies\/ChildOfLunarisAppearsInChapel","InheritsFrom":"Prophecies\/Prophecy","Name":"The Child of Lunaris","NameKo":"루나리스의 아이"},{"Detail":"","Id":"Prophecies\/ArmyOfUndeadSoldiersAppearInRuinedFortress","InheritsFrom":"Prophecies\/Prophecy","Name":"The Forgotten Garrison","NameKo":"잊혀진 주둔지"},{"Detail":"","Id":"Prophecies\/TheStockkeeperAppears","InheritsFrom":"Prophecies\/Prophecy","Name":"The Stockkeeper","NameKo":"창고 관리인"},{"Detail":"","Id":"Prophecies\/UniqueLightningGolemAppearsOutsideBubble","InheritsFrom":"Prophecies\/Prophecy","Name":"Unnatural Energy","NameKo":"기이한 에너지"},{"Detail":"","Id":"Prophecies\/TwoUniqueBlackguardCaptainsAppearAtFarEnd","InheritsFrom":"Prophecies\/Prophecy","Name":"Holding the Bridge","NameKo":"다리의 수문장"},{"Detail":"","Id":"Prophecies\/UniqueZombieBlackguardAtRuinedCart","InheritsFrom":"Prophecies\/Prophecy","Name":"In the Grasp of Corruption","NameKo":"타락의 손아귀 안에서"},{"Detail":"","Id":"Prophecies\/RareLunarisMiscreationsAppearAtScionCage","InheritsFrom":"Prophecies\/Prophecy","Name":"Defiled in the Sceptre","NameKo":"셉터에서 더럽혀진 존재"},{"Detail":"","Id":"Prophecies\/Tier1MapsSpawnedAtMapDevice","InheritsFrom":"Prophecies\/Prophecy","Name":"The Lost Maps","NameKo":"도난당한 지도"},{"Detail":"","Id":"Prophecies\/AreaAllRaresAreCloned","InheritsFrom":"Prophecies\/Prophecy","Name":"The Twins","NameKo":"쌍둥이"},{"Detail":"","Id":"Prophecies\/AreaAllUniquesArePossessedByTormentedSpirits","InheritsFrom":"Prophecies\/Prophecy","Name":"Possessed Foe","NameKo":"사로잡힌 적"},{"Detail":"","Id":"Prophecies\/KillingTormentedSpiritTouchesAllMonsters","InheritsFrom":"Prophecies\/Prophecy","Name":"Touched by Death","NameKo":"죽음의 손길에 닿아"},{"Detail":"","Id":"Prophecies\/AreaHasVaalMonstersAndOversoul","InheritsFrom":"Prophecies\/Prophecy","Name":"Vaal Invasion","NameKo":"바알의 침략"},{"Detail":"","Id":"Prophecies\/AreaHasOnlyStrongboxes","InheritsFrom":"Prophecies\/Prophecy","Name":"Monstrous Treasure","NameKo":"무시무시한 보물"},{"Detail":"","Id":"Prophecies\/AreaIsLikeCorruptedSideArea","InheritsFrom":"Prophecies\/Prophecy","Name":"The Spread of Corruption","NameKo":"타락의 확산"},{"Detail":"","Id":"Prophecies\/FrogFlood","InheritsFrom":"Prophecies\/Prophecy","Name":"Plague of Frogs","NameKo":"성가신 개구리 떼"},{"Detail":"","Id":"Prophecies\/AreaContainsWashedUpCorpses","InheritsFrom":"Prophecies\/Prophecy","Name":"Visions of the Drowned","NameKo":"물에 빠진 자의 환영"},{"Detail":"","Id":"Prophecies\/MapContainsTrial","InheritsFrom":"Prophecies\/Prophecy","Name":"The Dream Trial","NameKo":"꿈결 시험"},{"Detail":"","Id":"Prophecies\/AreaSpawnsUndead","InheritsFrom":"Prophecies\/Prophecy","Name":"\"Soil, Worms and Blood\"","NameKo":"\"땅, 벌레, 피\""},{"Detail":"","Id":"Prophecies\/AreaSpawnsInsectsAndQueens","InheritsFrom":"Prophecies\/Prophecy","Name":"The Hungering Swarm","NameKo":"허기진 무리"},{"Detail":"","Id":"Prophecies\/AreaSpawnsSeaWitchesAndSpawn","InheritsFrom":"Prophecies\/Prophecy","Name":"The Cursed Choir","NameKo":"저주받은 합창단"},{"Detail":"","Id":"Prophecies\/AreaSpawnsRareDevourers","InheritsFrom":"Prophecies\/Prophecy","Name":"The Trembling Earth","NameKo":"떨리는 지면"},{"Detail":"","Id":"Prophecies\/AreaContainsInvasionBoss","InheritsFrom":"Prophecies\/Prophecy","Name":"The Invader","NameKo":"침략자"},{"Detail":"","Id":"Prophecies\/UnbearableWhispers1","InheritsFrom":"Prophecies\/Prophecy","Name":"Unbearable Whispers I","NameKo":"견딜 수 없는 속삭임 I"},{"Detail":"","Id":"Prophecies\/UnbearableWhispers2","InheritsFrom":"Prophecies\/Prophecy","Name":"Unbearable Whispers II","NameKo":"견딜 수 없는 속삭임 II"},{"Detail":"","Id":"Prophecies\/UnbearableWhispers3","InheritsFrom":"Prophecies\/Prophecy","Name":"Unbearable Whispers III","NameKo":"견딜 수 없는 속삭임 III"},{"Detail":"","Id":"Prophecies\/UnbearableWhispers4","InheritsFrom":"Prophecies\/Prophecy","Name":"Unbearable Whispers IV","NameKo":"견딜 수 없는 속삭임 IV"},{"Detail":"","Id":"Prophecies\/UnbearableWhispers5","InheritsFrom":"Prophecies\/Prophecy","Name":"Unbearable Whispers V","NameKo":"견딜 수 없는 속삭임 V"},{"Detail":"","Id":"Prophecies\/TheUnbreathingQueen1","InheritsFrom":"Prophecies\/Prophecy","Name":"The Unbreathing Queen I","NameKo":"숨 쉬지 않는 여왕 I"},{"Detail":"","Id":"Prophecies\/TheUnbreathingQueen2","InheritsFrom":"Prophecies\/Prophecy","Name":"The Unbreathing Queen II","NameKo":"숨 쉬지 않는 여왕 II"},{"Detail":"","Id":"Prophecies\/TheUnbreathingQueen3","InheritsFrom":"Prophecies\/Prophecy","Name":"The Unbreathing Queen III","NameKo":"숨 쉬지 않는 여왕 III"},{"Detail":"","Id":"Prophecies\/TheUnbreathingQueen4","InheritsFrom":"Prophecies\/Prophecy","Name":"The Unbreathing Queen IV","NameKo":"숨 쉬지 않는 여왕 IV"},{"Detail":"","Id":"Prophecies\/TheUnbreathingQueen5","InheritsFrom":"Prophecies\/Prophecy","Name":"The Unbreathing Queen V","NameKo":"숨 쉬지 않는 여왕 V"},{"Detail":"","Id":"Prophecies\/TheAmbitiousBandit1","InheritsFrom":"Prophecies\/Prophecy","Name":"The Ambitious Bandit I","NameKo":"야심 있는 도적 I"},{"Detail":"","Id":"Prophecies\/TheAmbitiousBandit2","InheritsFrom":"Prophecies\/Prophecy","Name":"The Ambitious Bandit II","NameKo":"야심 있는 도적 II"},{"Detail":"","Id":"Prophecies\/TheAmbitiousBandit3","InheritsFrom":"Prophecies\/Prophecy","Name":"The Ambitious Bandit III","NameKo":"야심 있는 도적 III"},{"Detail":"","Id":"Prophecies\/DeadlyRivalry1","InheritsFrom":"Prophecies\/Prophecy","Name":"Deadly Rivalry I","NameKo":"죽음의 경쟁 I"},{"Detail":"","Id":"Prophecies\/DeadlyRivalry2","InheritsFrom":"Prophecies\/Prophecy","Name":"Deadly Rivalry II","NameKo":"죽음의 경쟁 II"},{"Detail":"","Id":"Prophecies\/DeadlyRivalry3","InheritsFrom":"Prophecies\/Prophecy","Name":"Deadly Rivalry III","NameKo":"죽음의 경쟁 III"},{"Detail":"","Id":"Prophecies\/DeadlyRivalry4","InheritsFrom":"Prophecies\/Prophecy","Name":"Deadly Rivalry IV","NameKo":"죽음의 경쟁 IV"},{"Detail":"","Id":"Prophecies\/DeadlyRivalry5","InheritsFrom":"Prophecies\/Prophecy","Name":"Deadly Rivalry V","NameKo":"죽음의 경쟁 V"},{"Detail":"","Id":"Prophecies\/TheWarmongers1","InheritsFrom":"Prophecies\/Prophecy","Name":"The Warmongers I","NameKo":"전쟁광 I"},{"Detail":"","Id":"Prophecies\/TheWarmongers2","InheritsFrom":"Prophecies\/Prophecy","Name":"The Warmongers II","NameKo":"전쟁광 II"},{"Detail":"","Id":"Prophecies\/TheWarmongers3","InheritsFrom":"Prophecies\/Prophecy","Name":"The Warmongers III","NameKo":"전쟁광 III"},{"Detail":"","Id":"Prophecies\/TheWarmongers4","InheritsFrom":"Prophecies\/Prophecy","Name":"The Warmongers IV","NameKo":"전쟁광 IV"},{"Detail":"","Id":"Prophecies\/BeyondSight1","InheritsFrom":"Prophecies\/Prophecy","Name":"Beyond Sight I","NameKo":"시야 너머 I"},{"Detail":"","Id":"Prophecies\/BeyondSight2","InheritsFrom":"Prophecies\/Prophecy","Name":"Beyond Sight II","NameKo":"시야 너머 II"},{"Detail":"","Id":"Prophecies\/BeyondSight3","InheritsFrom":"Prophecies\/Prophecy","Name":"Beyond Sight III","NameKo":"시야 너머 III"},{"Detail":"","Id":"Prophecies\/BeyondSight4","InheritsFrom":"Prophecies\/Prophecy","Name":"Beyond Sight IV","NameKo":"시야 너머 IV"},{"Detail":"","Id":"Prophecies\/ChestWithDivinationCards","InheritsFrom":"Prophecies\/Prophecy","Name":"The Fortune Teller's Collection","NameKo":"점술가의 수집품"},{"Detail":"","Id":"Prophecies\/IcetombFated","InheritsFrom":"Prophecies\/Prophecy","Name":"End of the Light","NameKo":"빛의 종말"},{"Detail":"","Id":"Prophecies\/WondertrapFated","InheritsFrom":"Prophecies\/Prophecy","Name":"Greed's Folly","NameKo":"탐욕의 어리석음"},{"Detail":"","Id":"Prophecies\/BriskwrapFated","InheritsFrom":"Prophecies\/Prophecy","Name":"Last of the Wildmen","NameKo":"마지막 야생인"},{"Detail":"","Id":"Prophecies\/SundanceFated","InheritsFrom":"Prophecies\/Prophecy","Name":"Sun's Punishment","NameKo":"태양의 응징"},{"Detail":"","Id":"Prophecies\/WindscreamFated","InheritsFrom":"Prophecies\/Prophecy","Name":"Darktongue's Shriek","NameKo":"다크텅의 비명"},{"Detail":"","Id":"Prophecies\/DusktoeFated","InheritsFrom":"Prophecies\/Prophecy","Name":"Agony at Dusk","NameKo":"황혼의 고통"},{"Detail":"","Id":"Prophecies\/MeginordsViseFated","InheritsFrom":"Prophecies\/Prophecy","Name":"Fall of the Tower","NameKo":"탑의 몰락"},{"Detail":"","Id":"Prophecies\/DoedresTenureFated","InheritsFrom":"Prophecies\/Prophecy","Name":"The Malevolent Witch","NameKo":"심술궂은 마녀"},{"Detail":"","Id":"Prophecies\/HeatshiverFated","InheritsFrom":"Prophecies\/Prophecy","Name":"A Vision of Ice and Fire","NameKo":"얼음과 화염의 환영"},{"Detail":"","Id":"Prophecies\/TimeclaspFated","InheritsFrom":"Prophecies\/Prophecy","Name":"A Rift in Time","NameKo":"시간의 균열"},{"Detail":"","Id":"Prophecies\/AtzirisMirrorFated","InheritsFrom":"Prophecies\/Prophecy","Name":"The Queen's Sacrifice","NameKo":"여왕의 희생"},{"Detail":"","Id":"Prophecies\/QuecholliFated","InheritsFrom":"Prophecies\/Prophecy","Name":"The Fall of an Empire","NameKo":"제국의 몰락"},{"Detail":"","Id":"Prophecies\/FencoilFated","InheritsFrom":"Prophecies\/Prophecy","Name":"Trapped in the Tower","NameKo":"탑에 갇히다"},{"Detail":"","Id":"Prophecies\/TheStormheartFated","InheritsFrom":"Prophecies\/Prophecy","Name":"The Storm Spire","NameKo":"태풍의 첨탑"},{"Detail":"","Id":"Prophecies\/FoxshadeFated","InheritsFrom":"Prophecies\/Prophecy","Name":"Dark Instincts","NameKo":"어둠의 본능"},{"Detail":"","Id":"Prophecies\/AsenathsMarkFated","InheritsFrom":"Prophecies\/Prophecy","Name":"Song of the Sekhema","NameKo":"세케마의 노래"},{"Detail":"","Id":"Prophecies\/HonourhomeFated","InheritsFrom":"Prophecies\/Prophecy","Name":"Honour Held","NameKo":"거머쥔 명예"},{"Detail":"","Id":"Prophecies\/MalachaisSimulaFated","InheritsFrom":"Prophecies\/Prophecy","Name":"The Nightmare Awakens","NameKo":"깨어난 악몽"},{"Detail":"","Id":"Prophecies\/SidhebreathFated","InheritsFrom":"Prophecies\/Prophecy","Name":"WIP","NameKo":"WIP"},{"Detail":"","Id":"Prophecies\/TheIgnomonFated","InheritsFrom":"Prophecies\/Prophecy","Name":"Blind Faith","NameKo":"맹목적인 믿음"},{"Detail":"","Id":"Prophecies\/TheMagnateFated1","InheritsFrom":"Prophecies\/Prophecy","Name":"The Great Mind of the North","NameKo":"북쪽의 위대한 자"},{"Detail":"","Id":"Prophecies\/TheMagnateFated2","InheritsFrom":"Prophecies\/Prophecy","Name":"The Great Leader of the North","NameKo":"북쪽의 위대한 지도자"},{"Detail":"","Id":"Prophecies\/BloodboilFated","InheritsFrom":"Prophecies\/Prophecy","Name":"Cold Blooded Fury","NameKo":"냉혈의 광분"},{"Detail":"","Id":"Prophecies\/HyrrisBiteFated","InheritsFrom":"Prophecies\/Prophecy","Name":"A Dishonourable Death","NameKo":"불명예스러운 죽음"},{"Detail":"","Id":"Prophecies\/DreadarcFated","InheritsFrom":"Prophecies\/Prophecy","Name":"Burning Dread","NameKo":"불타는 공포"},{"Detail":"","Id":"Prophecies\/GoredrillFated","InheritsFrom":"Prophecies\/Prophecy","Name":"Crimson Hues","NameKo":"진홍색 빛깔"},{"Detail":"","Id":"Prophecies\/GeofrisBaptismFated","InheritsFrom":"Prophecies\/Prophecy","Name":"Black Devotion","NameKo":"검은 헌신"},{"Detail":"","Id":"Prophecies\/CameriasMaulFated","InheritsFrom":"Prophecies\/Prophecy","Name":"Cold Greed","NameKo":"차가운 탐욕"},{"Detail":"","Id":"Prophecies\/RedbeakFated","InheritsFrom":"Prophecies\/Prophecy","Name":"The Dreaded Rhoa","NameKo":"공포의 로아"},{"Detail":"","Id":"Prophecies\/TheDancingDervishFated","InheritsFrom":"Prophecies\/Prophecy","Name":"Dance of Steel","NameKo":"강철의 춤사위"},{"Detail":"","Id":"Prophecies\/EclipseSolarisFated","InheritsFrom":"Prophecies\/Prophecy","Name":"Blinding Light","NameKo":"눈부신 빛"},{"Detail":"","Id":"Prophecies\/IronHeartFated","InheritsFrom":"Prophecies\/Prophecy","Name":"Battle Hardened","NameKo":"전투에 단련된 자"},{"Detail":"","Id":"Prophecies\/ChoberChaberFated","InheritsFrom":"Prophecies\/Prophecy","Name":"Faith Exhumed","NameKo":"신념의 발굴"},{"Detail":"","Id":"Prophecies\/MatuaTupunaFated","InheritsFrom":"Prophecies\/Prophecy","Name":"The Mentor","NameKo":"스승"},{"Detail":"","Id":"Prophecies\/GeofrisCrestFated","InheritsFrom":"Prophecies\/Prophecy","Name":"The Bishop's Legacy","NameKo":"주교의 유산"}]}]}